Flag_Url,Country
http://upload.wikimedia.org/wikipedia/commons/thumb/7/77/Flag_of_Algeria.svg/120px-Flag_of_Algeria.svg.png,Algeria
http://upload.wikimedia.org/wikipedia/commons/thumb/9/9d/Flag_of_Angola.svg/120px-Flag_of_Angola.svg.png,Angola
http://upload.wikimedia.org/wikipedia/commons/thumb/0/0a/Flag_of_Benin.svg/120px-Flag_of_Benin.svg.png,Benin
http://upload.wikimedia.org/wikipedia/commons/thumb/f/fa/Flag_of_Botswana.svg/120px-Flag_of_Botswana.svg.png,Botswana
http://upload.wikimedia.org/wikipedia/commons/thumb/3/31/Flag_of_Burkina_Faso.svg/120px-Flag_of_Burkina_Faso.svg.png,Burkina Faso
http://upload.wikimedia.org/wikipedia/commons/thumb/5/50/Flag_of_Burundi.svg/120px-Flag_of_Burundi.svg.png,Burundi
http://upload.wikimedia.org/wikipedia/commons/thumb/4/4f/Flag_of_Cameroon.svg/120px-Flag_of_Cameroon.svg.png,Cameroon
http://upload.wikimedia.org/wikipedia/commons/thumb/3/38/Flag_of_Cape_Verde.svg/120px-Flag_of_Cape_Verde.svg.png,Cape Verde
http://upload.wikimedia.org/wikipedia/commons/thumb/6/6f/Flag_of_the_Central_African_Republic.svg/120px-Flag_of_the_Central_African_Republic.svg.png,Central African Republic
http://upload.wikimedia.org/wikipedia/commons/thumb/4/4b/Flag_of_Chad.svg/120px-Flag_of_Chad.svg.png,Chad
http://upload.wikimedia.org/wikipedia/commons/thumb/9/94/Flag_of_the_Comoros.svg/120px-Flag_of_the_Comoros.svg.png,Comoros
http://upload.wikimedia.org/wikipedia/commons/thumb/6/6f/Flag_of_the_Democratic_Republic_of_the_Congo.svg/120px-Flag_of_the_Democratic_Republic_of_the_Congo.svg.png,Democratic Republic of the Congo
http://upload.wikimedia.org/wikipedia/commons/thumb/9/92/Flag_of_the_Republic_of_the_Congo.svg/120px-Flag_of_the_Republic_of_the_Congo.svg.png,Republic of the Congo
http://upload.wikimedia.org/wikipedia/commons/thumb/3/34/Flag_of_Djibouti.svg/120px-Flag_of_Djibouti.svg.png,Djibouti
http://upload.wikimedia.org/wikipedia/commons/thumb/f/fe/Flag_of_Egypt.svg/120px-Flag_of_Egypt.svg.png,Egypt
http://upload.wikimedia.org/wikipedia/commons/thumb/3/31/Flag_of_Equatorial_Guinea.svg/120px-Flag_of_Equatorial_Guinea.svg.png,Equatorial Guinea
http://upload.wikimedia.org/wikipedia/commons/thumb/2/29/Flag_of_Eritrea.svg/120px-Flag_of_Eritrea.svg.png,Eritrea
http://upload.wikimedia.org/wikipedia/commons/thumb/f/fb/Flag_of_Eswatini.svg/120px-Flag_of_Eswatini.svg.png,Eswatini
http://upload.wikimedia.org/wikipedia/commons/thumb/7/71/Flag_of_Ethiopia.svg/120px-Flag_of_Ethiopia.svg.png,Ethiopia
http://upload.wikimedia.org/wikipedia/commons/thumb/0/04/Flag_of_Gabon.svg/120px-Flag_of_Gabon.svg.png,Gabon
http://upload.wikimedia.org/wikipedia/commons/thumb/7/77/Flag_of_The_Gambia.svg/120px-Flag_of_The_Gambia.svg.png,The Gambia
http://upload.wikimedia.org/wikipedia/commons/thumb/1/19/Flag_of_Ghana.svg/120px-Flag_of_Ghana.svg.png,Ghana
http://upload.wikimedia.org/wikipedia/commons/thumb/e/ed/Flag_of_Guinea.svg/120px-Flag_of_Guinea.svg.png,Guinea
http://upload.wikimedia.org/wikipedia/commons/thumb/0/01/Flag_of_Guinea-Bissau.svg/120px-Flag_of_Guinea-Bissau.svg.png,Guinea-Bissau
http://upload.wikimedia.org/wikipedia/commons/thumb/f/fe/Flag_of_C%C3%B4te_d%27Ivoire.svg/120px-Flag_of_C%C3%B4te_d%27Ivoire.svg.png,Ivory Coast
http://upload.wikimedia.org/wikipedia/commons/thumb/4/49/Flag_of_Kenya.svg/120px-Flag_of_Kenya.svg.png,Kenya
http://upload.wikimedia.org/wikipedia/commons/thumb/4/4a/Flag_of_Lesotho.svg/120px-Flag_of_Lesotho.svg.png,Lesotho
http://upload.wikimedia.org/wikipedia/commons/thumb/b/b8/Flag_of_Liberia.svg/120px-Flag_of_Liberia.svg.png,Liberia
http://upload.wikimedia.org/wikipedia/commons/thumb/0/05/Flag_of_Libya.svg/120px-Flag_of_Libya.svg.png,Libya
http://upload.wikimedia.org/wikipedia/commons/thumb/b/bc/Flag_of_Madagascar.svg/120px-Flag_of_Madagascar.svg.png,Madagascar
http://upload.wikimedia.org/wikipedia/commons/thumb/d/d1/Flag_of_Malawi.svg/120px-Flag_of_Malawi.svg.png,Malawi
http://upload.wikimedia.org/wikipedia/commons/thumb/9/92/Flag_of_Mali.svg/120px-Flag_of_Mali.svg.png,Mali
http://upload.wikimedia.org/wikipedia/commons/thumb/4/43/Flag_of_Mauritania.svg/120px-Flag_of_Mauritania.svg.png,Mauritania
http://upload.wikimedia.org/wikipedia/commons/thumb/7/77/Flag_of_Mauritius.svg/120px-Flag_of_Mauritius.svg.png,Mauritius
http://upload.wikimedia.org/wikipedia/commons/thumb/2/2c/Flag_of_Morocco.svg/120px-Flag_of_Morocco.svg.png,Morocco
http://upload.wikimedia.org/wikipedia/commons/thumb/d/d0/Flag_of_Mozambique.svg/120px-Flag_of_Mozambique.svg.png,Mozambique
http://upload.wikimedia.org/wikipedia/commons/thumb/0/00/Flag_of_Namibia.svg/120px-Flag_of_Namibia.svg.png,Namibia
http://upload.wikimedia.org/wikipedia/commons/thumb/f/f4/Flag_of_Niger.svg/120px-Flag_of_Niger.svg.png,Niger
http://upload.wikimedia.org/wikipedia/commons/thumb/7/79/Flag_of_Nigeria.svg/120px-Flag_of_Nigeria.svg.png,Nigeria
http://upload.wikimedia.org/wikipedia/commons/thumb/1/17/Flag_of_Rwanda.svg/120px-Flag_of_Rwanda.svg.png,Rwanda
http://upload.wikimedia.org/wikipedia/commons/thumb/4/4f/Flag_of_Sao_Tome_and_Principe.svg/120px-Flag_of_Sao_Tome_and_Principe.svg.png,São Tomé and Príncipe
http://upload.wikimedia.org/wikipedia/commons/thumb/f/fd/Flag_of_Senegal.svg/120px-Flag_of_Senegal.svg.png,Senegal
http://upload.wikimedia.org/wikipedia/commons/thumb/f/fc/Flag_of_Seychelles.svg/120px-Flag_of_Seychelles.svg.png,Seychelles
http://upload.wikimedia.org/wikipedia/commons/thumb/1/17/Flag_of_Sierra_Leone.svg/120px-Flag_of_Sierra_Leone.svg.png,Sierra Leone
http://upload.wikimedia.org/wikipedia/commons/thumb/a/a0/Flag_of_Somalia.svg/120px-Flag_of_Somalia.svg.png,Somalia
http://upload.wikimedia.org/wikipedia/commons/thumb/a/af/Flag_of_South_Africa.svg/120px-Flag_of_South_Africa.svg.png,South Africa
http://upload.wikimedia.org/wikipedia/commons/thumb/7/7a/Flag_of_South_Sudan.svg/120px-Flag_of_South_Sudan.svg.png,South Sudan
http://upload.wikimedia.org/wikipedia/commons/thumb/0/01/Flag_of_Sudan.svg/120px-Flag_of_Sudan.svg.png,Sudan
http://upload.wikimedia.org/wikipedia/commons/thumb/3/38/Flag_of_Tanzania.svg/120px-Flag_of_Tanzania.svg.png,Tanzania
http://upload.wikimedia.org/wikipedia/commons/thumb/6/68/Flag_of_Togo.svg/120px-Flag_of_Togo.svg.png,Togo
http://upload.wikimedia.org/wikipedia/commons/thumb/c/ce/Flag_of_Tunisia.svg/120px-Flag_of_Tunisia.svg.png,Tunisia
http://upload.wikimedia.org/wikipedia/commons/thumb/4/4e/Flag_of_Uganda.svg/120px-Flag_of_Uganda.svg.png,Uganda
http://upload.wikimedia.org/wikipedia/commons/thumb/0/06/Flag_of_Zambia.svg/120px-Flag_of_Zambia.svg.png,Zambia
http://upload.wikimedia.org/wikipedia/commons/thumb/6/6a/Flag_of_Zimbabwe.svg/120px-Flag_of_Zimbabwe.svg.png,Zimbabwe
http://upload.wikimedia.org/wikipedia/commons/thumb/9/9a/Flag_of_Afghanistan.svg/120px-Flag_of_Afghanistan.svg.png,Afghanistan
http://upload.wikimedia.org/wikipedia/commons/thumb/2/2f/Flag_of_Armenia.svg/120px-Flag_of_Armenia.svg.png,Armenia
http://upload.wikimedia.org/wikipedia/commons/thumb/d/dd/Flag_of_Azerbaijan.svg/120px-Flag_of_Azerbaijan.svg.png,Azerbaijan
http://upload.wikimedia.org/wikipedia/commons/thumb/2/2c/Flag_of_Bahrain.svg/120px-Flag_of_Bahrain.svg.png,Bahrain
http://upload.wikimedia.org/wikipedia/commons/thumb/f/f9/Flag_of_Bangladesh.svg/120px-Flag_of_Bangladesh.svg.png,Bangladesh
http://upload.wikimedia.org/wikipedia/commons/thumb/9/91/Flag_of_Bhutan.svg/120px-Flag_of_Bhutan.svg.png,Bhutan
http://upload.wikimedia.org/wikipedia/commons/thumb/9/9c/Flag_of_Brunei.svg/120px-Flag_of_Brunei.svg.png,Brunei
http://upload.wikimedia.org/wikipedia/commons/thumb/8/83/Flag_of_Cambodia.svg/120px-Flag_of_Cambodia.svg.png,Cambodia
http://upload.wikimedia.org/wikipedia/commons/thumb/f/fa/Flag_of_the_People%27s_Republic_of_China.svg/120px-Flag_of_the_People%27s_Republic_of_China.svg.png,China
http://upload.wikimedia.org/wikipedia/commons/thumb/d/d4/Flag_of_Cyprus.svg/120px-Flag_of_Cyprus.svg.png,Cyprus
http://upload.wikimedia.org/wikipedia/commons/thumb/f/fe/Flag_of_Egypt.svg/120px-Flag_of_Egypt.svg.png,Egypt
http://upload.wikimedia.org/wikipedia/commons/thumb/0/0f/Flag_of_Georgia.svg/120px-Flag_of_Georgia.svg.png,Georgia
http://upload.wikimedia.org/wikipedia/en/thumb/4/41/Flag_of_India.svg/120px-Flag_of_India.svg.png,India
http://upload.wikimedia.org/wikipedia/commons/thumb/9/9f/Flag_of_Indonesia.svg/120px-Flag_of_Indonesia.svg.png,Indonesia
http://upload.wikimedia.org/wikipedia/commons/thumb/c/ca/Flag_of_Iran.svg/120px-Flag_of_Iran.svg.png,Iran
http://upload.wikimedia.org/wikipedia/commons/thumb/f/f6/Flag_of_Iraq.svg/120px-Flag_of_Iraq.svg.png,Iraq
http://upload.wikimedia.org/wikipedia/commons/thumb/d/d4/Flag_of_Israel.svg/120px-Flag_of_Israel.svg.png,Israel
http://upload.wikimedia.org/wikipedia/en/thumb/9/9e/Flag_of_Japan.svg/120px-Flag_of_Japan.svg.png,Japan
http://upload.wikimedia.org/wikipedia/commons/thumb/c/c0/Flag_of_Jordan.svg/120px-Flag_of_Jordan.svg.png,Jordan
http://upload.wikimedia.org/wikipedia/commons/thumb/d/d3/Flag_of_Kazakhstan.svg/120px-Flag_of_Kazakhstan.svg.png,Kazakhstan
http://upload.wikimedia.org/wikipedia/commons/thumb/a/aa/Flag_of_Kuwait.svg/120px-Flag_of_Kuwait.svg.png,Kuwait
http://upload.wikimedia.org/wikipedia/commons/thumb/c/c7/Flag_of_Kyrgyzstan.svg/120px-Flag_of_Kyrgyzstan.svg.png,Kyrgyzstan
http://upload.wikimedia.org/wikipedia/commons/thumb/5/56/Flag_of_Laos.svg/120px-Flag_of_Laos.svg.png,Laos
http://upload.wikimedia.org/wikipedia/commons/thumb/5/59/Flag_of_Lebanon.svg/120px-Flag_of_Lebanon.svg.png,Lebanon
http://upload.wikimedia.org/wikipedia/commons/thumb/6/66/Flag_of_Malaysia.svg/120px-Flag_of_Malaysia.svg.png,Malaysia
http://upload.wikimedia.org/wikipedia/commons/thumb/0/0f/Flag_of_Maldives.svg/120px-Flag_of_Maldives.svg.png,Maldives
http://upload.wikimedia.org/wikipedia/commons/thumb/4/4c/Flag_of_Mongolia.svg/120px-Flag_of_Mongolia.svg.png,Mongolia
http://upload.wikimedia.org/wikipedia/commons/thumb/8/8c/Flag_of_Myanmar.svg/120px-Flag_of_Myanmar.svg.png,Myanmar
http://upload.wikimedia.org/wikipedia/commons/thumb/9/9b/Flag_of_Nepal.svg/98px-Flag_of_Nepal.svg.png,Nepal
http://upload.wikimedia.org/wikipedia/commons/thumb/5/51/Flag_of_North_Korea.svg/120px-Flag_of_North_Korea.svg.png,North Korea
http://upload.wikimedia.org/wikipedia/commons/thumb/d/dd/Flag_of_Oman.svg/120px-Flag_of_Oman.svg.png,Oman
http://upload.wikimedia.org/wikipedia/commons/thumb/3/32/Flag_of_Pakistan.svg/120px-Flag_of_Pakistan.svg.png,Pakistan
http://upload.wikimedia.org/wikipedia/commons/thumb/0/00/Flag_of_Palestine.svg/120px-Flag_of_Palestine.svg.png,Palestine
http://upload.wikimedia.org/wikipedia/commons/thumb/9/99/Flag_of_the_Philippines.svg/120px-Flag_of_the_Philippines.svg.png,Philippines
http://upload.wikimedia.org/wikipedia/commons/thumb/6/65/Flag_of_Qatar.svg/120px-Flag_of_Qatar.svg.png,Qatar
http://upload.wikimedia.org/wikipedia/en/thumb/f/f3/Flag_of_Russia.svg/120px-Flag_of_Russia.svg.png,Russia
http://upload.wikimedia.org/wikipedia/commons/thumb/0/0d/Flag_of_Saudi_Arabia.svg/120px-Flag_of_Saudi_Arabia.svg.png,Saudi Arabia
http://upload.wikimedia.org/wikipedia/commons/thumb/4/48/Flag_of_Singapore.svg/120px-Flag_of_Singapore.svg.png,Singapore
http://upload.wikimedia.org/wikipedia/commons/thumb/0/09/Flag_of_South_Korea.svg/120px-Flag_of_South_Korea.svg.png,South Korea
http://upload.wikimedia.org/wikipedia/commons/thumb/1/11/Flag_of_Sri_Lanka.svg/120px-Flag_of_Sri_Lanka.svg.png,Sri Lanka
http://upload.wikimedia.org/wikipedia/commons/thumb/5/53/Flag_of_Syria.svg/120px-Flag_of_Syria.svg.png,Syria
http://upload.wikimedia.org/wikipedia/commons/thumb/7/72/Flag_of_the_Republic_of_China.svg/120px-Flag_of_the_Republic_of_China.svg.png,Taiwan
http://upload.wikimedia.org/wikipedia/commons/thumb/d/d0/Flag_of_Tajikistan.svg/120px-Flag_of_Tajikistan.svg.png,Tajikistan
http://upload.wikimedia.org/wikipedia/commons/thumb/a/a9/Flag_of_Thailand.svg/120px-Flag_of_Thailand.svg.png,Thailand
http://upload.wikimedia.org/wikipedia/commons/thumb/b/b4/Flag_of_Turkey.svg/120px-Flag_of_Turkey.svg.png,Turkey
http://upload.wikimedia.org/wikipedia/commons/thumb/1/1b/Flag_of_Turkmenistan.svg/120px-Flag_of_Turkmenistan.svg.png,Turkmenistan
http://upload.wikimedia.org/wikipedia/commons/thumb/c/cb/Flag_of_the_United_Arab_Emirates.svg/120px-Flag_of_the_United_Arab_Emirates.svg.png,United Arab Emirates
http://upload.wikimedia.org/wikipedia/commons/thumb/8/84/Flag_of_Uzbekistan.svg/120px-Flag_of_Uzbekistan.svg.png,Uzbekistan
http://upload.wikimedia.org/wikipedia/commons/thumb/2/21/Flag_of_Vietnam.svg/120px-Flag_of_Vietnam.svg.png,Vietnam
http://upload.wikimedia.org/wikipedia/commons/thumb/8/89/Flag_of_Yemen.svg/120px-Flag_of_Yemen.svg.png,Yemen
http://upload.wikimedia.org/wikipedia/commons/thumb/3/36/Flag_of_Albania.svg/120px-Flag_of_Albania.svg.png,Albania
http://upload.wikimedia.org/wikipedia/commons/thumb/1/19/Flag_of_Andorra.svg/120px-Flag_of_Andorra.svg.png,Andorra
http://upload.wikimedia.org/wikipedia/commons/thumb/4/41/Flag_of_Austria.svg/120px-Flag_of_Austria.svg.png,Austria
http://upload.wikimedia.org/wikipedia/commons/thumb/d/dd/Flag_of_Azerbaijan.svg/120px-Flag_of_Azerbaijan.svg.png,Azerbaijan
http://upload.wikimedia.org/wikipedia/commons/thumb/8/85/Flag_of_Belarus.svg/120px-Flag_of_Belarus.svg.png,Belarus
http://upload.wikimedia.org/wikipedia/commons/thumb/6/65/Flag_of_Belgium.svg/120px-Flag_of_Belgium.svg.png,Belgium
http://upload.wikimedia.org/wikipedia/commons/thumb/b/bf/Flag_of_Bosnia_and_Herzegovina.svg/120px-Flag_of_Bosnia_and_Herzegovina.svg.png,Bosnia and Herzegovina
http://upload.wikimedia.org/wikipedia/commons/thumb/9/9a/Flag_of_Bulgaria.svg/120px-Flag_of_Bulgaria.svg.png,Bulgaria
http://upload.wikimedia.org/wikipedia/commons/thumb/1/1b/Flag_of_Croatia.svg/120px-Flag_of_Croatia.svg.png,Croatia
http://upload.wikimedia.org/wikipedia/commons/thumb/c/cb/Flag_of_the_Czech_Republic.svg/120px-Flag_of_the_Czech_Republic.svg.png,Czech Republic (Czechia)
http://upload.wikimedia.org/wikipedia/commons/thumb/9/9c/Flag_of_Denmark.svg/120px-Flag_of_Denmark.svg.png,Denmark
http://upload.wikimedia.org/wikipedia/commons/thumb/8/8f/Flag_of_Estonia.svg/120px-Flag_of_Estonia.svg.png,Estonia
http://upload.wikimedia.org/wikipedia/commons/thumb/b/bc/Flag_of_Finland.svg/120px-Flag_of_Finland.svg.png,Finland
http://upload.wikimedia.org/wikipedia/en/thumb/c/c3/Flag_of_France.svg/120px-Flag_of_France.svg.png,France
http://upload.wikimedia.org/wikipedia/commons/thumb/0/0f/Flag_of_Georgia.svg/120px-Flag_of_Georgia.svg.png,Georgia
http://upload.wikimedia.org/wikipedia/en/thumb/b/ba/Flag_of_Germany.svg/120px-Flag_of_Germany.svg.png,Germany
http://upload.wikimedia.org/wikipedia/commons/thumb/5/5c/Flag_of_Greece.svg/120px-Flag_of_Greece.svg.png,Greece
http://upload.wikimedia.org/wikipedia/commons/thumb/c/c1/Flag_of_Hungary.svg/120px-Flag_of_Hungary.svg.png,Hungary
http://upload.wikimedia.org/wikipedia/commons/thumb/c/ce/Flag_of_Iceland.svg/120px-Flag_of_Iceland.svg.png,Iceland
http://upload.wikimedia.org/wikipedia/commons/thumb/4/45/Flag_of_Ireland.svg/120px-Flag_of_Ireland.svg.png,Ireland
http://upload.wikimedia.org/wikipedia/en/thumb/0/03/Flag_of_Italy.svg/120px-Flag_of_Italy.svg.png,Italy
http://upload.wikimedia.org/wikipedia/commons/thumb/d/d3/Flag_of_Kazakhstan.svg/120px-Flag_of_Kazakhstan.svg.png,Kazakhstan
http://upload.wikimedia.org/wikipedia/commons/thumb/1/1f/Flag_of_Kosovo.svg/120px-Flag_of_Kosovo.svg.png,Kosovo
http://upload.wikimedia.org/wikipedia/commons/thumb/8/84/Flag_of_Latvia.svg/120px-Flag_of_Latvia.svg.png,Latvia
http://upload.wikimedia.org/wikipedia/commons/thumb/4/47/Flag_of_Liechtenstein.svg/120px-Flag_of_Liechtenstein.svg.png,Liechtenstein
http://upload.wikimedia.org/wikipedia/commons/thumb/1/11/Flag_of_Lithuania.svg/120px-Flag_of_Lithuania.svg.png,Lithuania
http://upload.wikimedia.org/wikipedia/commons/thumb/d/da/Flag_of_Luxembourg.svg/120px-Flag_of_Luxembourg.svg.png,Luxembourg
http://upload.wikimedia.org/wikipedia/commons/thumb/7/73/Flag_of_Malta.svg/120px-Flag_of_Malta.svg.png,Malta
http://upload.wikimedia.org/wikipedia/commons/thumb/2/27/Flag_of_Moldova.svg/120px-Flag_of_Moldova.svg.png,Moldova
http://upload.wikimedia.org/wikipedia/commons/thumb/e/ea/Flag_of_Monaco.svg/120px-Flag_of_Monaco.svg.png,Monaco
http://upload.wikimedia.org/wikipedia/commons/thumb/6/64/Flag_of_Montenegro.svg/120px-Flag_of_Montenegro.svg.png,Montenegro
http://upload.wikimedia.org/wikipedia/commons/thumb/2/20/Flag_of_the_Netherlands.svg/120px-Flag_of_the_Netherlands.svg.png,Netherlands
http://upload.wikimedia.org/wikipedia/commons/thumb/7/79/Flag_of_North_Macedonia.svg/120px-Flag_of_North_Macedonia.svg.png,North Macedonia
http://upload.wikimedia.org/wikipedia/commons/thumb/d/d9/Flag_of_Norway.svg/120px-Flag_of_Norway.svg.png,Norway
http://upload.wikimedia.org/wikipedia/en/thumb/1/12/Flag_of_Poland.svg/120px-Flag_of_Poland.svg.png,Poland
http://upload.wikimedia.org/wikipedia/commons/thumb/5/5c/Flag_of_Portugal.svg/120px-Flag_of_Portugal.svg.png,Portugal
http://upload.wikimedia.org/wikipedia/commons/thumb/7/73/Flag_of_Romania.svg/120px-Flag_of_Romania.svg.png,Romania
http://upload.wikimedia.org/wikipedia/en/thumb/f/f3/Flag_of_Russia.svg/120px-Flag_of_Russia.svg.png,Russia
http://upload.wikimedia.org/wikipedia/commons/thumb/b/b1/Flag_of_San_Marino.svg/120px-Flag_of_San_Marino.svg.png,San Marino
http://upload.wikimedia.org/wikipedia/commons/thumb/f/ff/Flag_of_Serbia.svg/120px-Flag_of_Serbia.svg.png,Serbia
http://upload.wikimedia.org/wikipedia/commons/thumb/e/e6/Flag_of_Slovakia.svg/120px-Flag_of_Slovakia.svg.png,Slovakia
http://upload.wikimedia.org/wikipedia/commons/thumb/f/f0/Flag_of_Slovenia.svg/120px-Flag_of_Slovenia.svg.png,Slovenia
http://upload.wikimedia.org/wikipedia/en/thumb/9/9a/Flag_of_Spain.svg/120px-Flag_of_Spain.svg.png,Spain
http://upload.wikimedia.org/wikipedia/en/thumb/4/4c/Flag_of_Sweden.svg/120px-Flag_of_Sweden.svg.png,Sweden
http://upload.wikimedia.org/wikipedia/commons/thumb/f/f3/Flag_of_Switzerland.svg/120px-Flag_of_Switzerland.svg.png,Switzerland
http://upload.wikimedia.org/wikipedia/commons/thumb/b/b4/Flag_of_Turkey.svg/120px-Flag_of_Turkey.svg.png,Turkey
http://upload.wikimedia.org/wikipedia/commons/thumb/4/49/Flag_of_Ukraine.svg/120px-Flag_of_Ukraine.svg.png,Ukraine
http://upload.wikimedia.org/wikipedia/en/thumb/a/ae/Flag_of_the_United_Kingdom.svg/120px-Flag_of_the_United_Kingdom.svg.png,United Kingdom
http://upload.wikimedia.org/wikipedia/commons/thumb/0/00/Flag_of_the_Vatican_City.svg/120px-Flag_of_the_Vatican_City.svg.png,Vatican City
http://upload.wikimedia.org/wikipedia/commons/thumb/8/89/Flag_of_Antigua_and_Barbuda.svg/120px-Flag_of_Antigua_and_Barbuda.svg.png,Antigua and Barbuda
http://upload.wikimedia.org/wikipedia/commons/thumb/9/93/Flag_of_the_Bahamas.svg/120px-Flag_of_the_Bahamas.svg.png,The Bahamas
http://upload.wikimedia.org/wikipedia/commons/thumb/e/ef/Flag_of_Barbados.svg/120px-Flag_of_Barbados.svg.png,Barbados
http://upload.wikimedia.org/wikipedia/commons/thumb/e/e7/Flag_of_Belize.svg/120px-Flag_of_Belize.svg.png,Belize
http://upload.wikimedia.org/wikipedia/en/thumb/c/cf/Flag_of_Canada.svg/120px-Flag_of_Canada.svg.png,Canada
http://upload.wikimedia.org/wikipedia/commons/thumb/f/f2/Flag_of_Costa_Rica.svg/120px-Flag_of_Costa_Rica.svg.png,Costa Rica
http://upload.wikimedia.org/wikipedia/commons/thumb/b/bd/Flag_of_Cuba.svg/120px-Flag_of_Cuba.svg.png,Cuba
http://upload.wikimedia.org/wikipedia/commons/thumb/c/c4/Flag_of_Dominica.svg/120px-Flag_of_Dominica.svg.png,Dominica
http://upload.wikimedia.org/wikipedia/commons/thumb/9/9f/Flag_of_the_Dominican_Republic.svg/120px-Flag_of_the_Dominican_Republic.svg.png,Dominican Republic
http://upload.wikimedia.org/wikipedia/commons/thumb/3/34/Flag_of_El_Salvador.svg/120px-Flag_of_El_Salvador.svg.png,El Salvador
http://upload.wikimedia.org/wikipedia/commons/thumb/b/bc/Flag_of_Grenada.svg/120px-Flag_of_Grenada.svg.png,Grenada
http://upload.wikimedia.org/wikipedia/commons/thumb/e/ec/Flag_of_Guatemala.svg/120px-Flag_of_Guatemala.svg.png,Guatemala
http://upload.wikimedia.org/wikipedia/commons/thumb/5/56/Flag_of_Haiti.svg/120px-Flag_of_Haiti.svg.png,Haiti
http://upload.wikimedia.org/wikipedia/commons/thumb/8/82/Flag_of_Honduras.svg/120px-Flag_of_Honduras.svg.png,Honduras
http://upload.wikimedia.org/wikipedia/commons/thumb/0/0a/Flag_of_Jamaica.svg/120px-Flag_of_Jamaica.svg.png,Jamaica
http://upload.wikimedia.org/wikipedia/commons/thumb/f/fc/Flag_of_Mexico.svg/120px-Flag_of_Mexico.svg.png,Mexico
http://upload.wikimedia.org/wikipedia/commons/thumb/1/19/Flag_of_Nicaragua.svg/120px-Flag_of_Nicaragua.svg.png,Nicaragua
http://upload.wikimedia.org/wikipedia/commons/thumb/a/ab/Flag_of_Panama.svg/120px-Flag_of_Panama.svg.png,Panama
http://upload.wikimedia.org/wikipedia/commons/thumb/f/fe/Flag_of_Saint_Kitts_and_Nevis.svg/120px-Flag_of_Saint_Kitts_and_Nevis.svg.png,Saint Kitts and Nevis
http://upload.wikimedia.org/wikipedia/commons/thumb/9/9f/Flag_of_Saint_Lucia.svg/120px-Flag_of_Saint_Lucia.svg.png,Saint Lucia
http://upload.wikimedia.org/wikipedia/commons/thumb/6/6d/Flag_of_Saint_Vincent_and_the_Grenadines.svg/120px-Flag_of_Saint_Vincent_and_the_Grenadines.svg.png,Saint Vincent and the Grenadines
http://upload.wikimedia.org/wikipedia/commons/thumb/6/64/Flag_of_Trinidad_and_Tobago.svg/120px-Flag_of_Trinidad_and_Tobago.svg.png,Trinidad and Tobago
http://upload.wikimedia.org/wikipedia/en/thumb/a/a4/Flag_of_the_United_States.svg/120px-Flag_of_the_United_States.svg.png,United States of America
http://upload.wikimedia.org/wikipedia/en/thumb/b/b9/Flag_of_Australia.svg/120px-Flag_of_Australia.svg.png,Australia
http://upload.wikimedia.org/wikipedia/commons/thumb/2/26/Flag_of_East_Timor.svg/120px-Flag_of_East_Timor.svg.png,East Timor
http://upload.wikimedia.org/wikipedia/commons/thumb/b/ba/Flag_of_Fiji.svg/120px-Flag_of_Fiji.svg.png,Fiji
http://upload.wikimedia.org/wikipedia/commons/thumb/9/9f/Flag_of_Indonesia.svg/120px-Flag_of_Indonesia.svg.png,Indonesia
http://upload.wikimedia.org/wikipedia/commons/thumb/d/d3/Flag_of_Kiribati.svg/120px-Flag_of_Kiribati.svg.png,Kiribati
http://upload.wikimedia.org/wikipedia/commons/thumb/2/2e/Flag_of_the_Marshall_Islands.svg/120px-Flag_of_the_Marshall_Islands.svg.png,Marshall Islands
http://upload.wikimedia.org/wikipedia/commons/thumb/e/e4/Flag_of_the_Federated_States_of_Micronesia.svg/120px-Flag_of_the_Federated_States_of_Micronesia.svg.png,Micronesia
http://upload.wikimedia.org/wikipedia/commons/thumb/3/30/Flag_of_Nauru.svg/120px-Flag_of_Nauru.svg.png,Nauru
http://upload.wikimedia.org/wikipedia/commons/thumb/3/3e/Flag_of_New_Zealand.svg/120px-Flag_of_New_Zealand.svg.png,New Zealand
http://upload.wikimedia.org/wikipedia/commons/thumb/4/48/Flag_of_Palau.svg/120px-Flag_of_Palau.svg.png,Palau
http://upload.wikimedia.org/wikipedia/commons/thumb/e/e3/Flag_of_Papua_New_Guinea.svg/120px-Flag_of_Papua_New_Guinea.svg.png,Papua New Guinea
http://upload.wikimedia.org/wikipedia/commons/thumb/3/31/Flag_of_Samoa.svg/120px-Flag_of_Samoa.svg.png,Samoa
http://upload.wikimedia.org/wikipedia/commons/thumb/7/74/Flag_of_the_Solomon_Islands.svg/120px-Flag_of_the_Solomon_Islands.svg.png,Solomon Islands
http://upload.wikimedia.org/wikipedia/commons/thumb/9/9a/Flag_of_Tonga.svg/120px-Flag_of_Tonga.svg.png,Tonga
http://upload.wikimedia.org/wikipedia/commons/thumb/3/38/Flag_of_Tuvalu.svg/120px-Flag_of_Tuvalu.svg.png,Tuvalu
http://upload.wikimedia.org/wikipedia/commons/thumb/b/bc/Flag_of_Vanuatu.svg/120px-Flag_of_Vanuatu.svg.png,Vanuatu
http://upload.wikimedia.org/wikipedia/commons/thumb/1/1a/Flag_of_Argentina.svg/120px-Flag_of_Argentina.svg.png,Argentina
http://upload.wikimedia.org/wikipedia/commons/thumb/4/48/Flag_of_Bolivia.svg/120px-Flag_of_Bolivia.svg.png,Bolivia
http://upload.wikimedia.org/wikipedia/en/thumb/0/05/Flag_of_Brazil.svg/120px-Flag_of_Brazil.svg.png,Brazil
http://upload.wikimedia.org/wikipedia/commons/thumb/7/78/Flag_of_Chile.svg/120px-Flag_of_Chile.svg.png,Chile
http://upload.wikimedia.org/wikipedia/commons/thumb/2/21/Flag_of_Colombia.svg/120px-Flag_of_Colombia.svg.png,Colombia
http://upload.wikimedia.org/wikipedia/commons/thumb/e/e8/Flag_of_Ecuador.svg/120px-Flag_of_Ecuador.svg.png,Ecuador
http://upload.wikimedia.org/wikipedia/commons/thumb/9/99/Flag_of_Guyana.svg/120px-Flag_of_Guyana.svg.png,Guyana
http://upload.wikimedia.org/wikipedia/commons/thumb/2/27/Flag_of_Paraguay.svg/120px-Flag_of_Paraguay.svg.png,Paraguay
http://upload.wikimedia.org/wikipedia/commons/thumb/c/cf/Flag_of_Peru.svg/120px-Flag_of_Peru.svg.png,Peru
http://upload.wikimedia.org/wikipedia/commons/thumb/6/60/Flag_of_Suriname.svg/120px-Flag_of_Suriname.svg.png,Suriname
http://upload.wikimedia.org/wikipedia/commons/thumb/f/fe/Flag_of_Uruguay.svg/120px-Flag_of_Uruguay.svg.png,Uruguay
http://upload.wikimedia.org/wikipedia/commons/thumb/0/06/Flag_of_Venezuela.svg/120px-Flag_of_Venezuela.svg.png,Venezuela
